time,p50,p10,p90,t1,t2,issue_date,forecast_id
2026-02-01T00:00,0.0226,0.0088,0.2304,0.0169,0.0226,2026-01-31,2026-01-31_c95c39d2
2026-02-01T01:00,0.0106,0.0083,0.0925,0.0085,0.0073,2026-01-31,2026-01-31_c95c39d2
2026-02-01T02:00,0.0129,0.0085,0.0711,0.0089,0.0263,2026-01-31,2026-01-31_c95c39d2
2026-02-01T03:00,0.0137,0.0088,0.1415,0.0116,0.0356,2026-01-31,2026-01-31_c95c39d2
2026-02-01T04:00,0.045,0.0011,0.2507,0.0329,0.0735,2026-01-31,2026-01-31_c95c39d2
2026-02-01T05:00,0.0798,0.0016,0.3317,0.0688,0.0541,2026-01-31,2026-01-31_c95c39d2
2026-02-01T06:00,0.0555,0.0,0.3894,0.0721,0.0286,2026-01-31,2026-01-31_c95c39d2
2026-02-01T07:00,0.0328,0.0017,0.4482,0.0852,0.0573,2026-01-31,2026-01-31_c95c39d2
2026-02-01T08:00,0.0872,0.0034,0.5524,0.1048,0.0775,2026-01-31,2026-01-31_c95c39d2
2026-02-01T09:00,0.226,0.0,0.7437,0.177,0.1519,2026-01-31,2026-01-31_c95c39d2
2026-02-01T10:00,0.2077,0.0,0.7558,0.2104,0.2117,2026-01-31,2026-01-31_c95c39d2
2026-02-01T11:00,0.1346,0.0,0.6577,0.1161,0.1781,2026-01-31,2026-01-31_c95c39d2
2026-02-01T12:00,0.1382,0.0055,0.6717,0.1422,0.2045,2026-01-31,2026-01-31_c95c39d2
2026-02-01T13:00,0.1198,0.0055,0.651,0.1547,0.1589,2026-01-31,2026-01-31_c95c39d2
2026-02-01T14:00,0.1526,0.0044,0.5935,0.1895,0.1716,2026-01-31,2026-01-31_c95c39d2
2026-02-01T15:00,0.2027,0.0126,0.5962,0.183,0.2002,2026-01-31,2026-01-31_c95c39d2
2026-02-01T16:00,0.3227,0.0301,0.6736,0.295,0.2565,2026-01-31,2026-01-31_c95c39d2
2026-02-01T17:00,0.3096,0.031,0.7099,0.2756,0.2649,2026-01-31,2026-01-31_c95c39d2
2026-02-01T18:00,0.3062,0.0325,0.6864,0.3051,0.2397,2026-01-31,2026-01-31_c95c39d2
2026-02-01T19:00,0.3222,0.035,0.7326,0.2925,0.2481,2026-01-31,2026-01-31_c95c39d2
2026-02-01T20:00,0.3068,0.0034,0.7977,0.312,0.2838,2026-01-31,2026-01-31_c95c39d2
2026-02-01T21:00,0.3462,0.0122,0.8081,0.3188,0.3134,2026-01-31,2026-01-31_c95c39d2
2026-02-01T22:00,0.2838,0.0025,0.7568,0.2667,0.2689,2026-01-31,2026-01-31_c95c39d2
2026-02-01T23:00,0.2183,0.0128,0.6407,0.1665,0.1634,2026-01-31,2026-01-31_c95c39d2
2026-02-02T00:00,0.2266,0.0,0.7289,0.1899,0.1958,2026-02-01,2026-02-01_77f62bf0
2026-02-02T01:00,0.2408,0.0,0.8003,0.2589,0.2144,2026-02-01,2026-02-01_77f62bf0
2026-02-02T02:00,0.358,0.0697,0.8805,0.32,0.2662,2026-02-01,2026-02-01_77f62bf0
2026-02-02T03:00,0.4127,0.129,0.9269,0.4238,0.3103,2026-02-01,2026-02-01_77f62bf0
2026-02-02T04:00,0.4429,0.1942,0.9488,0.4812,0.3801,2026-02-01,2026-02-01_77f62bf0
2026-02-02T05:00,0.483,0.1982,1.0,0.4825,0.4804,2026-02-01,2026-02-01_77f62bf0
2026-02-02T06:00,0.4968,0.1742,0.9698,0.4291,0.4711,2026-02-01,2026-02-01_77f62bf0
2026-02-02T07:00,0.4131,0.1237,0.9768,0.3339,0.3939,2026-02-01,2026-02-01_77f62bf0
2026-02-02T08:00,0.5452,0.157,0.9584,0.5001,0.4748,2026-02-01,2026-02-01_77f62bf0
2026-02-02T09:00,0.5448,0.2841,0.9575,0.5612,0.6024,2026-02-01,2026-02-01_77f62bf0
2026-02-02T10:00,0.6489,0.3543,0.9606,0.7542,0.6888,2026-02-01,2026-02-01_77f62bf0
2026-02-02T11:00,0.8097,0.4406,0.9906,0.8049,0.7771,2026-02-01,2026-02-01_77f62bf0
2026-02-02T12:00,0.8772,0.5569,0.9548,0.8601,0.8842,2026-02-01,2026-02-01_77f62bf0
2026-02-02T13:00,0.8806,0.6481,0.9591,0.9103,0.893,2026-02-01,2026-02-01_77f62bf0
2026-02-02T14:00,0.892,0.5922,0.9588,0.9007,0.8956,2026-02-01,2026-02-01_77f62bf0
2026-02-02T15:00,0.7725,0.5067,0.9929,0.7996,0.8619,2026-02-01,2026-02-01_77f62bf0
2026-02-02T16:00,0.7783,0.4474,0.9878,0.811,0.7995,2026-02-01,2026-02-01_77f62bf0
2026-02-02T17:00,0.6379,0.1392,1.0,0.6484,0.6032,2026-02-01,2026-02-01_77f62bf0
2026-02-02T18:00,0.564,0.0441,0.8789,0.498,0.4436,2026-02-01,2026-02-01_77f62bf0
2026-02-02T19:00,0.2732,0.0205,0.6794,0.2361,0.2123,2026-02-01,2026-02-01_77f62bf0
2026-02-02T20:00,0.1792,0.012,0.5581,0.1511,0.1628,2026-02-01,2026-02-01_77f62bf0
2026-02-02T21:00,0.1404,0.0106,0.5205,0.1171,0.1925,2026-02-01,2026-02-01_77f62bf0
2026-02-02T22:00,0.1384,0.0032,0.4267,0.1284,0.2096,2026-02-01,2026-02-01_77f62bf0
2026-02-02T23:00,0.1635,0.0081,0.5958,0.1523,0.19,2026-02-01,2026-02-01_77f62bf0
2026-02-03T00:00,0.1965,0.0203,0.4956,0.1832,0.1225,2026-02-02,2026-02-02_9523b8ba
2026-02-03T01:00,0.2815,0.0024,0.7167,0.2618,0.2386,2026-02-02,2026-02-02_9523b8ba
2026-02-03T02:00,0.384,0.1279,0.8968,0.3894,0.334,2026-02-02,2026-02-02_9523b8ba
2026-02-03T03:00,0.4189,0.1679,0.9181,0.4708,0.3666,2026-02-02,2026-02-02_9523b8ba
2026-02-03T04:00,0.4433,0.1753,0.8832,0.482,0.367,2026-02-02,2026-02-02_9523b8ba
2026-02-03T05:00,0.2252,0.0123,0.8138,0.2598,0.1846,2026-02-02,2026-02-02_9523b8ba
2026-02-03T06:00,0.2911,0.0348,0.7308,0.2218,0.2171,2026-02-02,2026-02-02_9523b8ba
2026-02-03T07:00,0.1579,0.0,0.5864,0.0914,0.1082,2026-02-02,2026-02-02_9523b8ba
2026-02-03T08:00,0.1286,0.0096,0.3725,0.1245,0.1117,2026-02-02,2026-02-02_9523b8ba
2026-02-03T09:00,0.0332,0.0,0.2351,0.0371,0.0188,2026-02-02,2026-02-02_9523b8ba
2026-02-03T10:00,0.0077,0.0069,0.083,0.0049,0.0111,2026-02-02,2026-02-02_9523b8ba
2026-02-03T11:00,0.009,0.0082,0.169,0.0148,0.0168,2026-02-02,2026-02-02_9523b8ba
2026-02-03T12:00,0.0115,0.0088,0.1674,0.0156,0.0116,2026-02-02,2026-02-02_9523b8ba
2026-02-03T13:00,0.0125,0.0087,0.091,0.0143,0.012,2026-02-02,2026-02-02_9523b8ba
2026-02-03T14:00,0.0224,0.0085,0.0689,0.0161,0.0131,2026-02-02,2026-02-02_9523b8ba
2026-02-03T15:00,0.025,0.0084,0.0784,0.0242,0.0175,2026-02-02,2026-02-02_9523b8ba
2026-02-03T16:00,0.0559,0.0086,0.1612,0.0533,0.036,2026-02-02,2026-02-02_9523b8ba
2026-02-03T17:00,0.0857,0.0042,0.3395,0.0719,0.1056,2026-02-02,2026-02-02_9523b8ba
2026-02-03T18:00,0.1268,0.013,0.4863,0.1381,0.1702,2026-02-02,2026-02-02_9523b8ba
2026-02-03T19:00,0.277,0.0117,0.6813,0.1943,0.2109,2026-02-02,2026-02-02_9523b8ba
2026-02-03T20:00,0.2716,0.0111,0.7108,0.2394,0.2506,2026-02-02,2026-02-02_9523b8ba
2026-02-03T21:00,0.2415,0.0122,0.7032,0.2364,0.2732,2026-02-02,2026-02-02_9523b8ba
2026-02-03T22:00,0.1911,0.0103,0.674,0.1597,0.1672,2026-02-02,2026-02-02_9523b8ba
2026-02-03T23:00,0.193,0.0042,0.6303,0.2179,0.1959,2026-02-02,2026-02-02_9523b8ba
2026-02-04T00:00,0.4819,0.0415,0.8076,0.4758,0.5258,2026-02-03,2026-02-03_85b83973
2026-02-04T01:00,0.4511,0.0527,0.872,0.4528,0.4309,2026-02-03,2026-02-03_85b83973
2026-02-04T02:00,0.3349,0.0477,0.8352,0.3451,0.3975,2026-02-03,2026-02-03_85b83973
2026-02-04T03:00,0.3635,0.0348,0.863,0.3792,0.4536,2026-02-03,2026-02-03_85b83973
2026-02-04T04:00,0.351,0.0336,0.8578,0.3413,0.3698,2026-02-03,2026-02-03_85b83973
2026-02-04T05:00,0.4988,0.0725,1.0,0.5527,0.6246,2026-02-03,2026-02-03_85b83973
2026-02-04T06:00,0.4803,0.1045,0.9555,0.4998,0.5482,2026-02-03,2026-02-03_85b83973
2026-02-04T07:00,0.3174,0.003,0.907,0.3514,0.4017,2026-02-03,2026-02-03_85b83973
2026-02-04T08:00,0.3417,0.0247,0.7292,0.2813,0.3402,2026-02-03,2026-02-03_85b83973
2026-02-04T09:00,0.279,0.0029,0.6372,0.2254,0.3104,2026-02-03,2026-02-03_85b83973
2026-02-04T10:00,0.2052,0.0093,0.5573,0.1904,0.2442,2026-02-03,2026-02-03_85b83973
2026-02-04T11:00,0.1926,0.0092,0.4612,0.1757,0.2154,2026-02-03,2026-02-03_85b83973
2026-02-04T12:00,0.14,0.0032,0.4263,0.1403,0.1707,2026-02-03,2026-02-03_85b83973
2026-02-04T13:00,0.1418,0.0081,0.4394,0.1565,0.1687,2026-02-03,2026-02-03_85b83973
2026-02-04T14:00,0.148,0.0107,0.4363,0.1647,0.1634,2026-02-03,2026-02-03_85b83973
2026-02-04T15:00,0.1713,0.0096,0.3783,0.1658,0.1366,2026-02-03,2026-02-03_85b83973
2026-02-04T16:00,0.1143,0.0043,0.321,0.1085,0.0955,2026-02-03,2026-02-03_85b83973
2026-02-04T17:00,0.0459,0.0095,0.2189,0.0351,0.041,2026-02-03,2026-02-03_85b83973
2026-02-04T18:00,0.0304,0.0089,0.208,0.0234,0.0323,2026-02-03,2026-02-03_85b83973
2026-02-04T19:00,0.1254,0.0036,0.4273,0.1524,0.139,2026-02-03,2026-02-03_85b83973
2026-02-04T20:00,0.3891,0.0539,0.824,0.3492,0.3435,2026-02-03,2026-02-03_85b83973
2026-02-04T21:00,0.6834,0.2631,1.0,0.7122,0.7407,2026-02-03,2026-02-03_85b83973
2026-02-04T22:00,0.8969,0.3702,1.0,0.8767,0.9038,2026-02-03,2026-02-03_85b83973
2026-02-04T23:00,0.8634,0.4152,1.0,0.9424,0.8298,2026-02-03,2026-02-03_85b83973
2026-02-05T00:00,0.8159,0.5671,0.987,0.9391,0.8216,2026-02-04,2026-02-04_013a8742
2026-02-05T01:00,0.955,0.7842,0.9857,0.9416,0.863,2026-02-04,2026-02-04_013a8742
2026-02-05T02:00,0.9574,0.7393,0.9864,0.9752,0.9285,2026-02-04,2026-02-04_013a8742
2026-02-05T03:00,0.9581,0.7754,0.987,0.991,0.9423,2026-02-04,2026-02-04_013a8742
2026-02-05T04:00,0.9605,0.8398,0.9872,0.9896,0.9482,2026-02-04,2026-02-04_013a8742
2026-02-05T05:00,0.955,0.8696,0.9695,0.9856,0.954,2026-02-04,2026-02-04_013a8742
2026-02-05T06:00,0.9704,0.8495,0.9764,0.9857,0.9599,2026-02-04,2026-02-04_013a8742
2026-02-05T07:00,0.9746,0.8536,0.9806,0.9901,0.9652,2026-02-04,2026-02-04_013a8742
2026-02-05T08:00,0.971,0.8548,0.977,0.9901,0.9656,2026-02-04,2026-02-04_013a8742
2026-02-05T09:00,0.9723,0.8538,0.9783,0.9901,0.9699,2026-02-04,2026-02-04_013a8742
2026-02-05T10:00,0.9809,0.8367,0.9869,0.9846,0.9685,2026-02-04,2026-02-04_013a8742
2026-02-05T11:00,0.9823,0.8312,0.9883,0.9846,0.9744,2026-02-04,2026-02-04_013a8742
2026-02-05T12:00,0.9819,0.8709,0.9879,0.987,0.9739,2026-02-04,2026-02-04_013a8742
2026-02-05T13:00,0.9759,0.8952,0.9819,0.9865,0.9758,2026-02-04,2026-02-04_013a8742
2026-02-05T14:00,0.9651,0.9393,0.9715,0.9934,0.9715,2026-02-04,2026-02-04_013a8742
2026-02-05T15:00,0.9507,0.8673,0.9754,0.9642,0.9344,2026-02-04,2026-02-04_013a8742
2026-02-05T16:00,0.8157,0.5488,0.9755,0.8707,0.8763,2026-02-04,2026-02-04_013a8742
2026-02-05T17:00,0.8748,0.6468,0.9754,0.9006,0.9215,2026-02-04,2026-02-04_013a8742
2026-02-05T18:00,0.7975,0.5567,0.9738,0.8771,0.8049,2026-02-04,2026-02-04_013a8742
2026-02-05T19:00,0.8431,0.5072,1.0,0.79,0.795,2026-02-04,2026-02-04_013a8742
2026-02-05T20:00,0.7847,0.2543,1.0,0.8329,0.7458,2026-02-04,2026-02-04_013a8742
2026-02-05T21:00,0.7631,0.2178,1.0,0.8329,0.7125,2026-02-04,2026-02-04_013a8742
2026-02-05T22:00,0.6043,0.2043,0.9824,0.6382,0.6156,2026-02-04,2026-02-04_013a8742
2026-02-05T23:00,0.5305,0.1424,0.9705,0.5874,0.5191,2026-02-04,2026-02-04_013a8742
2026-02-06T00:00,0.4419,0.1408,0.9122,0.5453,0.3929,2026-02-05,2026-02-05_32639f5c
2026-02-06T01:00,0.3955,0.1218,0.8568,0.4715,0.3898,2026-02-05,2026-02-05_32639f5c
2026-02-06T02:00,0.299,0.0634,0.8222,0.3658,0.2713,2026-02-05,2026-02-05_32639f5c
2026-02-06T03:00,0.1964,0.064,0.8287,0.2167,0.1682,2026-02-05,2026-02-05_32639f5c
2026-02-06T04:00,0.2262,0.0441,0.6767,0.2012,0.1749,2026-02-05,2026-02-05_32639f5c
2026-02-06T05:00,0.1491,0.0035,0.481,0.1518,0.0973,2026-02-05,2026-02-05_32639f5c
2026-02-06T06:00,0.0198,0.0004,0.3235,0.0336,0.015,2026-02-05,2026-02-05_32639f5c
2026-02-06T07:00,0.0206,0.0087,0.1982,0.0072,0.03,2026-02-05,2026-02-05_32639f5c
2026-02-06T08:00,0.0376,0.0007,0.2991,0.0351,0.0605,2026-02-05,2026-02-05_32639f5c
2026-02-06T09:00,0.0425,0.0002,0.2085,0.0442,0.0536,2026-02-05,2026-02-05_32639f5c
2026-02-06T10:00,0.0426,0.0003,0.2569,0.0506,0.0634,2026-02-05,2026-02-05_32639f5c
2026-02-06T11:00,0.1907,0.0002,0.6068,0.1393,0.1871,2026-02-05,2026-02-05_32639f5c
2026-02-06T12:00,0.4286,0.1183,0.9259,0.4021,0.3675,2026-02-05,2026-02-05_32639f5c
2026-02-06T13:00,0.8162,0.411,0.9694,0.7793,0.7978,2026-02-05,2026-02-05_32639f5c
2026-02-06T14:00,0.9652,0.7807,0.9743,0.971,0.9624,2026-02-05,2026-02-05_32639f5c
2026-02-06T15:00,0.9757,0.85,0.9817,0.9828,0.9787,2026-02-05,2026-02-05_32639f5c
2026-02-06T16:00,0.9874,0.9628,0.9934,0.9983,0.9759,2026-02-05,2026-02-05_32639f5c
2026-02-06T17:00,0.991,0.973,0.997,0.9935,0.9662,2026-02-05,2026-02-05_32639f5c
2026-02-06T18:00,0.991,0.9752,0.997,0.9935,0.9655,2026-02-05,2026-02-05_32639f5c
2026-02-06T19:00,0.9882,0.9822,0.9942,0.9932,0.9485,2026-02-05,2026-02-05_32639f5c
2026-02-06T20:00,0.9888,0.9828,0.9948,0.9923,0.9817,2026-02-05,2026-02-05_32639f5c
2026-02-06T21:00,0.9909,0.9849,0.9991,0.9922,0.9824,2026-02-05,2026-02-05_32639f5c
2026-02-06T22:00,0.9775,0.9652,0.9952,0.988,0.9778,2026-02-05,2026-02-05_32639f5c
2026-02-06T23:00,0.9741,0.9208,0.9942,0.9858,1.0,2026-02-05,2026-02-05_32639f5c
2026-02-07T00:00,0.7812,0.5126,1.0,0.8246,0.84,2026-02-06,2026-02-06_62e302c0
2026-02-07T01:00,0.7782,0.38,1.0,0.8198,0.7905,2026-02-06,2026-02-06_62e302c0
2026-02-07T02:00,0.589,0.1323,0.9583,0.6458,0.5935,2026-02-06,2026-02-06_62e302c0
2026-02-07T03:00,0.4113,0.0807,0.8492,0.4116,0.4076,2026-02-06,2026-02-06_62e302c0
2026-02-07T04:00,0.3369,0.0265,0.8005,0.2345,0.3452,2026-02-06,2026-02-06_62e302c0
2026-02-07T05:00,0.1051,0.0034,0.6049,0.1357,0.1094,2026-02-06,2026-02-06_62e302c0
2026-02-07T06:00,0.0085,0.0077,0.224,0.0037,0.0305,2026-02-06,2026-02-06_62e302c0
2026-02-07T07:00,0.0161,0.0088,0.0769,0.0137,0.0276,2026-02-06,2026-02-06_62e302c0
2026-02-07T08:00,0.0168,0.0088,0.0176,0.0112,0.0256,2026-02-06,2026-02-06_62e302c0
2026-02-07T09:00,0.0099,0.009,0.0971,0.0152,0.0155,2026-02-06,2026-02-06_62e302c0
2026-02-07T10:00,0.0932,0.007,0.5094,0.1226,0.1245,2026-02-06,2026-02-06_62e302c0
2026-02-07T11:00,0.2446,0.0073,0.7478,0.2206,0.2512,2026-02-06,2026-02-06_62e302c0
2026-02-07T12:00,0.3461,0.0564,0.821,0.323,0.2949,2026-02-06,2026-02-06_62e302c0
2026-02-07T13:00,0.3207,0.0477,0.7605,0.2925,0.3123,2026-02-06,2026-02-06_62e302c0
2026-02-07T14:00,0.1908,0.0229,0.5601,0.241,0.2162,2026-02-06,2026-02-06_62e302c0
2026-02-07T15:00,0.1326,0.0026,0.3246,0.1127,0.1139,2026-02-06,2026-02-06_62e302c0
2026-02-07T16:00,0.0207,0.009,0.1352,0.0286,0.0236,2026-02-06,2026-02-06_62e302c0
2026-02-07T17:00,0.0262,0.0099,0.1873,0.0292,0.025,2026-02-06,2026-02-06_62e302c0
2026-02-07T18:00,0.0934,0.0117,0.3759,0.0833,0.0759,2026-02-06,2026-02-06_62e302c0
2026-02-07T19:00,0.354,0.0227,0.7063,0.2473,0.2899,2026-02-06,2026-02-06_62e302c0
2026-02-07T20:00,0.5445,0.1098,0.9088,0.4904,0.5364,2026-02-06,2026-02-06_62e302c0
2026-02-07T21:00,0.6514,0.1846,0.9991,0.602,0.6815,2026-02-06,2026-02-06_62e302c0
2026-02-07T22:00,0.6767,0.2528,1.0,0.579,0.691,2026-02-06,2026-02-06_62e302c0
2026-02-07T23:00,0.7582,0.4063,1.0,0.7064,0.7538,2026-02-06,2026-02-06_62e302c0
2026-02-08T00:00,0.9785,0.7917,0.9907,0.9725,0.98,2026-02-07,2026-02-07_8e4956ed
2026-02-08T01:00,0.9779,0.7228,0.994,0.9333,0.9806,2026-02-07,2026-02-07_8e4956ed
2026-02-08T02:00,0.996,0.6001,1.0,0.9383,0.9575,2026-02-07,2026-02-07_8e4956ed
2026-02-08T03:00,0.9638,0.5813,1.0,0.9138,0.893,2026-02-07,2026-02-07_8e4956ed
2026-02-08T04:00,0.8365,0.3012,1.0,0.8176,0.8485,2026-02-07,2026-02-07_8e4956ed
2026-02-08T05:00,0.6825,0.2074,1.0,0.687,0.6776,2026-02-07,2026-02-07_8e4956ed
2026-02-08T06:00,0.4764,0.0555,0.9266,0.4937,0.4587,2026-02-07,2026-02-07_8e4956ed
2026-02-08T07:00,0.3181,0.0537,0.8663,0.3269,0.3517,2026-02-07,2026-02-07_8e4956ed
2026-02-08T08:00,0.2163,0.0089,0.7315,0.1997,0.2178,2026-02-07,2026-02-07_8e4956ed
2026-02-08T09:00,0.0852,0.0038,0.4931,0.1162,0.0975,2026-02-07,2026-02-07_8e4956ed
2026-02-08T10:00,0.0528,0.003,0.3292,0.0586,0.0609,2026-02-07,2026-02-07_8e4956ed
2026-02-08T11:00,0.0237,0.0085,0.1888,0.0246,0.0196,2026-02-07,2026-02-07_8e4956ed
2026-02-08T12:00,0.0098,0.0085,0.1166,0.0111,0.0077,2026-02-07,2026-02-07_8e4956ed
2026-02-08T13:00,0.0065,0.0057,0.1605,0.0116,0.0243,2026-02-07,2026-02-07_8e4956ed
2026-02-08T14:00,0.1206,0.016,0.5044,0.0946,0.1265,2026-02-07,2026-02-07_8e4956ed
2026-02-08T15:00,0.5148,0.13,0.9602,0.4259,0.4549,2026-02-07,2026-02-07_8e4956ed
2026-02-08T16:00,0.8577,0.6875,0.9749,0.8649,0.9323,2026-02-07,2026-02-07_8e4956ed
2026-02-08T17:00,0.9688,0.9628,0.9764,0.9719,0.9711,2026-02-07,2026-02-07_8e4956ed
2026-02-08T18:00,0.9877,0.9817,0.9937,0.9821,0.9742,2026-02-07,2026-02-07_8e4956ed
2026-02-08T19:00,0.9909,0.9849,0.9969,0.9922,0.9772,2026-02-07,2026-02-07_8e4956ed
2026-02-08T20:00,0.9888,0.9828,0.9964,0.99,0.9751,2026-02-07,2026-02-07_8e4956ed
2026-02-08T21:00,0.986,0.98,0.9966,0.99,0.9777,2026-02-07,2026-02-07_8e4956ed
2026-02-08T22:00,0.9813,0.9753,0.9942,0.99,0.9776,2026-02-07,2026-02-07_8e4956ed
2026-02-08T23:00,0.978,0.9214,0.9953,0.99,0.9755,2026-02-07,2026-02-07_8e4956ed
2026-02-09T00:00,0.986,0.9143,0.992,0.99,0.9705,2026-02-08,2026-02-08_4e2110b3
2026-02-09T01:00,0.9848,0.9443,0.9908,0.99,0.9686,2026-02-08,2026-02-08_4e2110b3
2026-02-09T02:00,0.9847,0.9106,0.9907,0.99,0.9642,2026-02-08,2026-02-08_4e2110b3
2026-02-09T03:00,0.9846,0.9275,0.9906,0.99,0.9662,2026-02-08,2026-02-08_4e2110b3
2026-02-09T04:00,0.9712,0.943,0.9875,0.99,0.9689,2026-02-08,2026-02-08_4e2110b3
2026-02-09T05:00,0.9737,0.9443,0.9797,0.99,0.9637,2026-02-08,2026-02-08_4e2110b3
2026-02-09T06:00,0.9732,0.9482,0.9792,0.99,0.9629,2026-02-08,2026-02-08_4e2110b3
2026-02-09T07:00,0.9736,0.9348,0.9796,0.99,0.9558,2026-02-08,2026-02-08_4e2110b3
2026-02-09T08:00,0.9538,0.9048,0.9692,0.9866,0.957,2026-02-08,2026-02-08_4e2110b3
2026-02-09T09:00,0.9562,0.9088,0.9705,0.9734,0.9598,2026-02-08,2026-02-08_4e2110b3
2026-02-09T10:00,0.9708,0.8795,0.9768,0.9884,0.9756,2026-02-08,2026-02-08_4e2110b3
2026-02-09T11:00,0.9743,0.8652,0.9803,0.9922,0.9722,2026-02-08,2026-02-08_4e2110b3
2026-02-09T12:00,0.9783,0.8872,0.9843,0.9935,0.973,2026-02-08,2026-02-08_4e2110b3
2026-02-09T13:00,0.9722,0.8596,0.9782,0.9827,0.9728,2026-02-08,2026-02-08_4e2110b3
2026-02-09T14:00,0.9653,0.9061,0.9744,0.933,0.9644,2026-02-08,2026-02-08_4e2110b3
2026-02-09T15:00,0.9496,0.8573,0.977,0.9164,0.9076,2026-02-08,2026-02-08_4e2110b3
2026-02-09T16:00,0.9083,0.7841,0.9733,0.9149,0.9276,2026-02-08,2026-02-08_4e2110b3
2026-02-09T17:00,0.8729,0.6416,0.9749,0.8032,0.886,2026-02-08,2026-02-08_4e2110b3
2026-02-09T18:00,0.7606,0.3214,1.0,0.7338,0.7377,2026-02-08,2026-02-08_4e2110b3
2026-02-09T19:00,0.8045,0.1587,1.0,0.8448,0.7421,2026-02-08,2026-02-08_4e2110b3
2026-02-09T20:00,0.6368,0.1177,1.0,0.5904,0.5368,2026-02-08,2026-02-08_4e2110b3
2026-02-09T21:00,0.3159,0.0286,0.6481,0.3547,0.2753,2026-02-08,2026-02-08_4e2110b3
2026-02-09T22:00,0.165,0.0,0.5133,0.1761,0.1461,2026-02-08,2026-02-08_4e2110b3
2026-02-09T23:00,0.0912,0.0,0.5034,0.1256,0.1021,2026-02-08,2026-02-08_4e2110b3
2026-02-10T00:00,0.0756,0.0,0.3551,0.0955,0.0525,2026-02-09,2026-02-09_36e006e3
2026-02-10T01:00,0.0661,0.001,0.3574,0.1339,0.0811,2026-02-09,2026-02-09_36e006e3
2026-02-10T02:00,0.0729,0.0017,0.4191,0.1263,0.0962,2026-02-09,2026-02-09_36e006e3
2026-02-10T03:00,0.1229,0.0029,0.5555,0.1404,0.113,2026-02-09,2026-02-09_36e006e3
2026-02-10T04:00,0.1407,0.0022,0.538,0.1352,0.1168,2026-02-09,2026-02-09_36e006e3
2026-02-10T05:00,0.2324,0.0207,0.7025,0.162,0.2086,2026-02-09,2026-02-09_36e006e3
2026-02-10T06:00,0.087,0.0006,0.4983,0.0733,0.0938,2026-02-09,2026-02-09_36e006e3
2026-02-10T07:00,0.3105,0.058,0.8549,0.2902,0.2824,2026-02-09,2026-02-09_36e006e3
2026-02-10T08:00,0.2328,0.0113,0.7641,0.2404,0.2897,2026-02-09,2026-02-09_36e006e3
2026-02-10T09:00,0.2204,0.0,0.71,0.2134,0.2716,2026-02-09,2026-02-09_36e006e3
2026-02-10T10:00,0.24,0.014,0.7717,0.2192,0.2399,2026-02-09,2026-02-09_36e006e3
2026-02-10T11:00,0.1911,0.006,0.5669,0.135,0.2037,2026-02-09,2026-02-09_36e006e3
2026-02-10T12:00,0.1941,0.0047,0.5775,0.1792,0.2436,2026-02-09,2026-02-09_36e006e3
2026-02-10T13:00,0.1407,0.005,0.4853,0.1629,0.1191,2026-02-09,2026-02-09_36e006e3
2026-02-10T14:00,0.0805,0.0027,0.4125,0.0812,0.0753,2026-02-09,2026-02-09_36e006e3
2026-02-10T15:00,0.0647,0.0025,0.3653,0.0575,0.0749,2026-02-09,2026-02-09_36e006e3
2026-02-10T16:00,0.056,0.0068,0.4552,0.0509,0.0489,2026-02-09,2026-02-09_36e006e3
2026-02-10T17:00,0.0564,0.0079,0.5231,0.0801,0.0712,2026-02-09,2026-02-09_36e006e3
2026-02-10T18:00,0.0729,0.001,0.4603,0.0875,0.0774,2026-02-09,2026-02-09_36e006e3
2026-02-10T19:00,0.2815,0.0127,0.641,0.3159,0.2623,2026-02-09,2026-02-09_36e006e3
2026-02-10T20:00,0.4862,0.0701,0.9448,0.465,0.4122,2026-02-09,2026-02-09_36e006e3
2026-02-10T21:00,0.5748,0.1503,1.0,0.5321,0.5868,2026-02-09,2026-02-09_36e006e3
2026-02-10T22:00,0.9259,0.4091,1.0,0.9472,0.8797,2026-02-09,2026-02-09_36e006e3
2026-02-10T23:00,0.9235,0.7342,1.0,0.9403,0.9102,2026-02-09,2026-02-09_36e006e3
2026-02-11T00:00,0.9672,0.9563,0.9866,0.9967,0.963,2026-02-10,2026-02-10_23f1b3c4
2026-02-11T01:00,0.9488,0.8509,0.9871,0.9789,0.953,2026-02-10,2026-02-10_23f1b3c4
2026-02-11T02:00,0.8463,0.6048,0.9879,0.8733,0.8257,2026-02-10,2026-02-10_23f1b3c4
2026-02-11T03:00,0.7973,0.4704,0.9765,0.8398,0.733,2026-02-10,2026-02-10_23f1b3c4
2026-02-11T04:00,0.4719,0.25,0.9505,0.5359,0.5894,2026-02-10,2026-02-10_23f1b3c4
2026-02-11T05:00,0.5104,0.1028,0.8844,0.479,0.4564,2026-02-10,2026-02-10_23f1b3c4
2026-02-11T06:00,0.0569,0.0022,0.3821,0.0923,0.0846,2026-02-10,2026-02-10_23f1b3c4
2026-02-11T07:00,0.0329,0.0003,0.3762,0.0522,0.0443,2026-02-10,2026-02-10_23f1b3c4
2026-02-11T08:00,0.0759,0.0002,0.4319,0.0665,0.068,2026-02-10,2026-02-10_23f1b3c4
2026-02-11T09:00,0.1049,0.0004,0.5332,0.0934,0.0968,2026-02-10,2026-02-10_23f1b3c4
2026-02-11T10:00,0.1585,0.0308,0.5685,0.208,0.1745,2026-02-10,2026-02-10_23f1b3c4
2026-02-11T11:00,0.3127,0.0029,0.9275,0.3091,0.2909,2026-02-10,2026-02-10_23f1b3c4
2026-02-11T12:00,0.2844,0.0021,0.894,0.2134,0.2671,2026-02-10,2026-02-10_23f1b3c4
2026-02-11T13:00,0.1515,0.0078,0.6511,0.1251,0.1271,2026-02-10,2026-02-10_23f1b3c4
2026-02-11T14:00,0.0855,0.0047,0.5358,0.1056,0.0843,2026-02-10,2026-02-10_23f1b3c4
2026-02-11T15:00,0.3781,0.0359,0.781,0.3432,0.345,2026-02-10,2026-02-10_23f1b3c4
2026-02-11T16:00,0.6544,0.2411,1.0,0.6538,0.6035,2026-02-10,2026-02-10_23f1b3c4
2026-02-11T17:00,0.8628,0.6524,0.9908,0.8118,0.811,2026-02-10,2026-02-10_23f1b3c4
2026-02-11T18:00,0.9648,0.5135,0.9881,0.9876,0.9121,2026-02-10,2026-02-10_23f1b3c4
2026-02-11T19:00,0.9418,0.9358,0.9886,0.9646,0.913,2026-02-10,2026-02-10_23f1b3c4
2026-02-11T20:00,0.9708,0.9648,0.9922,0.9829,0.9562,2026-02-10,2026-02-10_23f1b3c4
2026-02-11T21:00,0.9697,0.9021,0.9946,0.9943,0.9524,2026-02-10,2026-02-10_23f1b3c4
2026-02-11T22:00,0.8566,0.6978,0.9932,0.9605,0.9075,2026-02-10,2026-02-10_23f1b3c4
2026-02-11T23:00,0.8992,0.56,1.0,0.8776,0.9152,2026-02-10,2026-02-10_23f1b3c4
2026-02-12T00:00,0.6807,0.1311,1.0,0.6397,0.6244,2026-02-11,2026-02-11_ab460420
2026-02-12T01:00,0.7072,0.1945,1.0,0.6286,0.7377,2026-02-11,2026-02-11_ab460420
2026-02-12T02:00,0.6283,0.1465,1.0,0.6248,0.5787,2026-02-11,2026-02-11_ab460420
2026-02-12T03:00,0.5402,0.0727,1.0,0.5314,0.5453,2026-02-11,2026-02-11_ab460420
2026-02-12T04:00,0.3937,0.0667,0.8175,0.3707,0.3881,2026-02-11,2026-02-11_ab460420
2026-02-12T05:00,0.0947,0.0036,0.4733,0.1156,0.1031,2026-02-11,2026-02-11_ab460420
2026-02-12T06:00,0.068,0.0039,0.3565,0.0946,0.0942,2026-02-11,2026-02-11_ab460420
2026-02-12T07:00,0.0313,0.009,0.1629,0.0251,0.0147,2026-02-11,2026-02-11_ab460420
2026-02-12T08:00,0.0108,0.0089,0.1198,0.0119,0.0121,2026-02-11,2026-02-11_ab460420
2026-02-12T09:00,0.0138,0.0087,0.0538,0.009,0.0131,2026-02-11,2026-02-11_ab460420
2026-02-12T10:00,0.0,0.0,0.0352,0.0068,0.0096,2026-02-11,2026-02-11_ab460420
2026-02-12T11:00,0.0214,0.0083,0.3064,0.0374,0.0384,2026-02-11,2026-02-11_ab460420
2026-02-12T12:00,0.0728,0.0047,0.4398,0.098,0.0981,2026-02-11,2026-02-11_ab460420
2026-02-12T13:00,0.0986,0.0041,0.451,0.1196,0.0885,2026-02-11,2026-02-11_ab460420
2026-02-12T14:00,0.1113,0.003,0.4304,0.1025,0.1284,2026-02-11,2026-02-11_ab460420
2026-02-12T15:00,0.0846,0.0056,0.4328,0.0748,0.1017,2026-02-11,2026-02-11_ab460420
2026-02-12T16:00,0.1371,0.0088,0.5265,0.1354,0.1211,2026-02-11,2026-02-11_ab460420
2026-02-12T17:00,0.1446,0.0046,0.3987,0.1176,0.1347,2026-02-11,2026-02-11_ab460420
2026-02-12T18:00,0.1585,0.0105,0.4306,0.1692,0.1518,2026-02-11,2026-02-11_ab460420
2026-02-12T19:00,0.1924,0.004,0.5835,0.1839,0.1743,2026-02-11,2026-02-11_ab460420
2026-02-12T20:00,0.2404,0.0277,0.6097,0.2245,0.2588,2026-02-11,2026-02-11_ab460420
2026-02-12T21:00,0.275,0.0262,0.7041,0.2459,0.2832,2026-02-11,2026-02-11_ab460420
2026-02-12T22:00,0.1879,0.0221,0.7421,0.1898,0.2207,2026-02-11,2026-02-11_ab460420
2026-02-12T23:00,0.0924,0.0113,0.5404,0.1309,0.1201,2026-02-11,2026-02-11_ab460420
2026-02-13T00:00,0.0156,0.0086,0.1182,0.0106,0.0103,2026-02-12,2026-02-12_135d75a8
2026-02-13T01:00,0.0168,0.0087,0.0862,0.0084,0.0054,2026-02-12,2026-02-12_135d75a8
2026-02-13T02:00,0.0154,0.0086,0.0556,0.0102,0.0108,2026-02-12,2026-02-12_135d75a8
2026-02-13T03:00,0.0168,0.0086,0.0465,0.0115,0.0112,2026-02-12,2026-02-12_135d75a8
2026-02-13T04:00,0.0107,0.0085,0.0431,0.0111,0.0109,2026-02-12,2026-02-12_135d75a8
2026-02-13T05:00,0.0097,0.0085,0.065,0.0132,0.0143,2026-02-12,2026-02-12_135d75a8
2026-02-13T06:00,0.0094,0.0085,0.0501,0.0056,0.0097,2026-02-12,2026-02-12_135d75a8
2026-02-13T07:00,0.0151,0.009,0.0675,0.0126,0.015,2026-02-12,2026-02-12_135d75a8
2026-02-13T08:00,0.0135,0.0091,0.0566,0.0139,0.0175,2026-02-12,2026-02-12_135d75a8
2026-02-13T09:00,0.0107,0.0092,0.0318,0.008,0.0216,2026-02-12,2026-02-12_135d75a8
2026-02-13T10:00,0.0111,0.0088,0.128,0.0079,0.0141,2026-02-12,2026-02-12_135d75a8
2026-02-13T11:00,0.0133,0.0088,0.1117,0.0075,0.016,2026-02-12,2026-02-12_135d75a8
2026-02-13T12:00,0.0133,0.0086,0.0992,0.0107,0.0163,2026-02-12,2026-02-12_135d75a8
2026-02-13T13:00,0.0157,0.0088,0.0629,0.0147,0.016,2026-02-12,2026-02-12_135d75a8
2026-02-13T14:00,0.013,0.0085,0.1256,0.0147,0.0107,2026-02-12,2026-02-12_135d75a8
2026-02-13T15:00,0.0118,0.0082,0.1276,0.0157,0.0138,2026-02-12,2026-02-12_135d75a8
2026-02-13T16:00,0.0125,0.009,0.1812,0.0164,0.0151,2026-02-12,2026-02-12_135d75a8
2026-02-13T17:00,0.0214,0.0088,0.215,0.0187,0.0196,2026-02-12,2026-02-12_135d75a8
2026-02-13T18:00,0.0103,0.0091,0.3343,0.02,0.0155,2026-02-12,2026-02-12_135d75a8
2026-02-13T19:00,0.0365,0.0102,0.4107,0.0437,0.0387,2026-02-12,2026-02-12_135d75a8
2026-02-13T20:00,0.0774,0.0131,0.4625,0.0876,0.0832,2026-02-12,2026-02-12_135d75a8
2026-02-13T21:00,0.1913,0.0194,0.5428,0.2222,0.1583,2026-02-12,2026-02-12_135d75a8
2026-02-13T22:00,0.2702,0.0344,0.7092,0.2606,0.2461,2026-02-12,2026-02-12_135d75a8
2026-02-13T23:00,0.4379,0.0812,0.9683,0.4298,0.3819,2026-02-12,2026-02-12_135d75a8
2026-02-14T00:00,0.5836,0.27,0.9943,0.5395,0.5152,2026-02-13,2026-02-13_0d660e33
2026-02-14T01:00,0.5584,0.3532,1.0,0.55,0.5588,2026-02-13,2026-02-13_0d660e33
2026-02-14T02:00,0.6838,0.3642,1.0,0.7221,0.6356,2026-02-13,2026-02-13_0d660e33
2026-02-14T03:00,0.6952,0.3288,1.0,0.7375,0.6257,2026-02-13,2026-02-13_0d660e33
2026-02-14T04:00,0.6509,0.2748,1.0,0.6958,0.5943,2026-02-13,2026-02-13_0d660e33
2026-02-14T05:00,0.3442,0.0576,0.848,0.3595,0.3338,2026-02-13,2026-02-13_0d660e33
2026-02-14T06:00,0.1768,0.0092,0.7626,0.1751,0.1681,2026-02-13,2026-02-13_0d660e33
2026-02-14T07:00,0.094,0.0112,0.541,0.1159,0.0699,2026-02-13,2026-02-13_0d660e33
2026-02-14T08:00,0.0867,0.0091,0.5118,0.1255,0.0785,2026-02-13,2026-02-13_0d660e33
2026-02-14T09:00,0.0739,0.0017,0.2941,0.1056,0.0595,2026-02-13,2026-02-13_0d660e33
2026-02-14T10:00,0.0374,0.0,0.2328,0.0512,0.0483,2026-02-13,2026-02-13_0d660e33
2026-02-14T11:00,0.084,0.0027,0.4697,0.1042,0.0797,2026-02-13,2026-02-13_0d660e33
2026-02-14T12:00,0.0218,0.0009,0.2236,0.0487,0.0322,2026-02-13,2026-02-13_0d660e33
2026-02-14T13:00,0.0215,0.0099,0.1685,0.0311,0.0229,2026-02-13,2026-02-13_0d660e33
2026-02-14T14:00,0.0724,0.006,0.191,0.0827,0.0485,2026-02-13,2026-02-13_0d660e33
2026-02-14T15:00,0.0536,0.0047,0.2004,0.0487,0.0478,2026-02-13,2026-02-13_0d660e33
2026-02-14T16:00,0.0271,0.0032,0.1057,0.0216,0.0163,2026-02-13,2026-02-13_0d660e33
2026-02-14T17:00,0.347,0.0424,0.6943,0.3598,0.363,2026-02-13,2026-02-13_0d660e33
2026-02-14T18:00,0.3499,0.0324,0.7092,0.3473,0.3152,2026-02-13,2026-02-13_0d660e33
2026-02-14T19:00,0.2743,0.0034,0.6168,0.2393,0.2378,2026-02-13,2026-02-13_0d660e33
2026-02-14T20:00,0.176,0.0168,0.5037,0.1773,0.1388,2026-02-13,2026-02-13_0d660e33
2026-02-14T21:00,0.1872,0.0104,0.4862,0.1849,0.1758,2026-02-13,2026-02-13_0d660e33
2026-02-14T22:00,0.0973,0.0049,0.3337,0.0901,0.0916,2026-02-13,2026-02-13_0d660e33
2026-02-14T23:00,0.0328,0.0036,0.306,0.0417,0.0355,2026-02-13,2026-02-13_0d660e33
2026-02-15T00:00,0.0184,0.0087,0.1193,0.0108,0.011,2026-02-14,2026-02-14_a011fd75
2026-02-15T01:00,0.0215,0.0082,0.1407,0.0133,0.0114,2026-02-14,2026-02-14_a011fd75
2026-02-15T02:00,0.0101,0.0083,0.1253,0.0142,0.0121,2026-02-14,2026-02-14_a011fd75
2026-02-15T03:00,0.0132,0.0085,0.1108,0.0148,0.0105,2026-02-14,2026-02-14_a011fd75
2026-02-15T04:00,0.013,0.0081,0.1097,0.0109,0.0095,2026-02-14,2026-02-14_a011fd75
2026-02-15T05:00,0.0258,0.0,0.1536,0.0301,0.0248,2026-02-14,2026-02-14_a011fd75
2026-02-15T06:00,0.119,0.0049,0.3974,0.1227,0.1168,2026-02-14,2026-02-14_a011fd75
2026-02-15T07:00,0.098,0.0118,0.5734,0.1373,0.1354,2026-02-14,2026-02-14_a011fd75
2026-02-15T08:00,0.2947,0.0202,0.8673,0.3084,0.2125,2026-02-14,2026-02-14_a011fd75
2026-02-15T09:00,0.5616,0.1657,0.9814,0.5223,0.4903,2026-02-14,2026-02-14_a011fd75
2026-02-15T10:00,0.6552,0.3393,1.0,0.7616,0.7315,2026-02-14,2026-02-14_a011fd75
2026-02-15T11:00,0.9519,0.6128,0.9826,0.9428,0.8935,2026-02-14,2026-02-14_a011fd75
2026-02-15T12:00,0.9604,0.7893,0.9846,0.964,0.96,2026-02-14,2026-02-14_a011fd75
2026-02-15T13:00,0.9476,0.8221,0.9841,0.9659,0.9584,2026-02-14,2026-02-14_a011fd75
2026-02-15T14:00,0.9853,0.7378,1.0,0.969,0.956,2026-02-14,2026-02-14_a011fd75
2026-02-15T15:00,0.9281,0.6326,1.0,0.8962,0.9762,2026-02-14,2026-02-14_a011fd75
2026-02-15T16:00,0.8472,0.5144,1.0,0.9211,0.8984,2026-02-14,2026-02-14_a011fd75
2026-02-15T17:00,0.8598,0.5073,1.0,0.9207,0.9271,2026-02-14,2026-02-14_a011fd75
2026-02-15T18:00,0.8541,0.5642,0.9886,0.8619,0.8879,2026-02-14,2026-02-14_a011fd75
2026-02-15T19:00,0.864,0.5832,0.9907,0.8421,0.8956,2026-02-14,2026-02-14_a011fd75
2026-02-15T20:00,0.8559,0.51,0.9899,0.8526,0.8363,2026-02-14,2026-02-14_a011fd75
2026-02-15T21:00,0.8695,0.5147,0.9885,0.8236,0.8294,2026-02-14,2026-02-14_a011fd75
2026-02-15T22:00,0.7691,0.4886,1.0,0.7663,0.7596,2026-02-14,2026-02-14_a011fd75
2026-02-15T23:00,0.7147,0.3109,1.0,0.7672,0.6389,2026-02-14,2026-02-14_a011fd75
2026-02-16T00:00,0.4366,0.1249,0.9599,0.4535,0.3312,2026-02-15,2026-02-15_21802606
2026-02-16T01:00,0.4259,0.1775,0.9597,0.4273,0.3659,2026-02-15,2026-02-15_21802606
2026-02-16T02:00,0.498,0.1831,0.9699,0.5121,0.3634,2026-02-15,2026-02-15_21802606
2026-02-16T03:00,0.4333,0.1229,0.9733,0.4916,0.3757,2026-02-15,2026-02-15_21802606
2026-02-16T04:00,0.5127,0.1478,0.9759,0.5926,0.3738,2026-02-15,2026-02-15_21802606
2026-02-16T05:00,0.5712,0.1461,0.9916,0.5705,0.4767,2026-02-15,2026-02-15_21802606
2026-02-16T06:00,0.4374,0.1452,0.985,0.4913,0.3978,2026-02-15,2026-02-15_21802606
2026-02-16T07:00,0.5245,0.1413,0.9638,0.6012,0.49,2026-02-15,2026-02-15_21802606
2026-02-16T08:00,0.448,0.0799,0.9551,0.4497,0.4961,2026-02-15,2026-02-15_21802606
2026-02-16T09:00,0.4524,0.1036,0.9706,0.4922,0.507,2026-02-15,2026-02-15_21802606
2026-02-16T10:00,0.4123,0.0818,0.9535,0.4258,0.4611,2026-02-15,2026-02-15_21802606
2026-02-16T11:00,0.5754,0.2524,0.9784,0.5973,0.5722,2026-02-15,2026-02-15_21802606
2026-02-16T12:00,0.6026,0.3089,0.992,0.5586,0.6059,2026-02-15,2026-02-15_21802606
2026-02-16T13:00,0.6216,0.3676,0.9873,0.6884,0.5996,2026-02-15,2026-02-15_21802606
2026-02-16T14:00,0.6456,0.3286,0.9869,0.7178,0.6664,2026-02-15,2026-02-15_21802606
2026-02-16T15:00,0.6513,0.2858,0.9789,0.7124,0.6953,2026-02-15,2026-02-15_21802606
2026-02-16T16:00,0.6401,0.2214,0.9663,0.6653,0.673,2026-02-15,2026-02-15_21802606
2026-02-16T17:00,0.6344,0.2101,1.0,0.5572,0.6296,2026-02-15,2026-02-15_21802606
2026-02-16T18:00,0.4803,0.1489,1.0,0.4638,0.5236,2026-02-15,2026-02-15_21802606
2026-02-16T19:00,0.526,0.1109,1.0,0.4489,0.5353,2026-02-15,2026-02-15_21802606
2026-02-16T20:00,0.5875,0.189,0.9987,0.4969,0.5801,2026-02-15,2026-02-15_21802606
2026-02-16T21:00,0.6133,0.1956,1.0,0.4925,0.6286,2026-02-15,2026-02-15_21802606
2026-02-16T22:00,0.4602,0.1641,1.0,0.4654,0.5159,2026-02-15,2026-02-15_21802606
2026-02-16T23:00,0.4004,0.1266,0.9504,0.411,0.432,2026-02-15,2026-02-15_21802606
2026-02-17T00:00,0.2535,0.0639,0.9155,0.3721,0.2607,2026-02-16,2026-02-16_a03bb0b8
2026-02-17T01:00,0.3696,0.0811,0.883,0.4404,0.3789,2026-02-16,2026-02-16_a03bb0b8
2026-02-17T02:00,0.4061,0.0758,0.8876,0.4568,0.3794,2026-02-16,2026-02-16_a03bb0b8
2026-02-17T03:00,0.3503,0.1026,0.9083,0.4452,0.3912,2026-02-16,2026-02-16_a03bb0b8
2026-02-17T04:00,0.3165,0.0349,0.8028,0.3253,0.3106,2026-02-16,2026-02-16_a03bb0b8
2026-02-17T05:00,0.1597,0.014,0.481,0.2334,0.1752,2026-02-16,2026-02-16_a03bb0b8
2026-02-17T06:00,0.24,0.006,0.3984,0.2235,0.1832,2026-02-16,2026-02-16_a03bb0b8
2026-02-17T07:00,0.1419,0.0066,0.3628,0.1711,0.0955,2026-02-16,2026-02-16_a03bb0b8
2026-02-17T08:00,0.1053,0.0008,0.3735,0.1388,0.0709,2026-02-16,2026-02-16_a03bb0b8
2026-02-17T09:00,0.0927,0.0001,0.3878,0.1258,0.0635,2026-02-16,2026-02-16_a03bb0b8
2026-02-17T10:00,0.1163,0.0037,0.452,0.1499,0.102,2026-02-16,2026-02-16_a03bb0b8
2026-02-17T11:00,0.0935,0.0,0.3429,0.1102,0.1174,2026-02-16,2026-02-16_a03bb0b8
2026-02-17T12:00,0.0936,0.0014,0.3745,0.122,0.1072,2026-02-16,2026-02-16_a03bb0b8
2026-02-17T13:00,0.1219,0.0032,0.4922,0.1152,0.1113,2026-02-16,2026-02-16_a03bb0b8
2026-02-17T14:00,0.1594,0.0061,0.5381,0.1853,0.1582,2026-02-16,2026-02-16_a03bb0b8
2026-02-17T15:00,0.2729,0.0196,0.6422,0.2407,0.2496,2026-02-16,2026-02-16_a03bb0b8
2026-02-17T16:00,0.274,0.0281,0.7209,0.2639,0.2558,2026-02-16,2026-02-16_a03bb0b8
2026-02-17T17:00,0.4969,0.0576,0.9571,0.538,0.5033,2026-02-16,2026-02-16_a03bb0b8
2026-02-17T18:00,0.604,0.1126,0.9953,0.6316,0.5829,2026-02-16,2026-02-16_a03bb0b8
2026-02-17T19:00,0.6033,0.1719,0.9952,0.6702,0.5855,2026-02-16,2026-02-16_a03bb0b8
2026-02-17T20:00,0.6107,0.1937,0.9987,0.6593,0.5575,2026-02-16,2026-02-16_a03bb0b8
2026-02-17T21:00,0.6274,0.2635,1.0,0.6609,0.5937,2026-02-16,2026-02-16_a03bb0b8
2026-02-17T22:00,0.5712,0.2346,1.0,0.6248,0.5811,2026-02-16,2026-02-16_a03bb0b8
2026-02-17T23:00,0.5509,0.213,1.0,0.5372,0.4402,2026-02-16,2026-02-16_a03bb0b8
2026-02-18T00:00,0.7464,0.3484,1.0,0.7423,0.6856,2026-02-17,2026-02-17_458c4a8e
2026-02-18T01:00,0.7581,0.3767,1.0,0.7436,0.7258,2026-02-17,2026-02-17_458c4a8e
2026-02-18T02:00,0.6928,0.2977,0.9909,0.7579,0.6149,2026-02-17,2026-02-17_458c4a8e
2026-02-18T03:00,0.7,0.3037,0.991,0.7461,0.6079,2026-02-17,2026-02-17_458c4a8e
2026-02-18T04:00,0.7552,0.3655,1.0,0.8495,0.7608,2026-02-17,2026-02-17_458c4a8e
2026-02-18T05:00,0.8065,0.3392,1.0,0.8538,0.6808,2026-02-17,2026-02-17_458c4a8e
2026-02-18T06:00,0.7886,0.4796,0.972,0.8501,0.6926,2026-02-17,2026-02-17_458c4a8e
2026-02-18T07:00,0.7657,0.505,0.9822,0.8327,0.7444,2026-02-17,2026-02-17_458c4a8e
2026-02-18T08:00,0.7805,0.5513,0.9806,0.9353,0.8449,2026-02-17,2026-02-17_458c4a8e
2026-02-18T09:00,0.8339,0.5049,0.9844,0.9686,0.8941,2026-02-17,2026-02-17_458c4a8e
2026-02-18T10:00,0.9525,0.8472,0.9843,0.9366,0.9335,2026-02-17,2026-02-17_458c4a8e
2026-02-18T11:00,0.9832,0.9276,0.9892,0.9829,0.9689,2026-02-17,2026-02-17_458c4a8e
2026-02-18T12:00,0.9783,0.9629,0.9859,0.9808,0.9684,2026-02-17,2026-02-17_458c4a8e
2026-02-18T13:00,0.9765,0.9272,0.9863,0.9777,0.9593,2026-02-17,2026-02-17_458c4a8e
2026-02-18T14:00,0.9626,0.9177,0.986,0.982,0.958,2026-02-17,2026-02-17_458c4a8e
2026-02-18T15:00,0.9678,0.81,0.9866,0.9809,0.9618,2026-02-17,2026-02-17_458c4a8e
2026-02-18T16:00,0.9075,0.6718,0.986,0.9223,0.93,2026-02-17,2026-02-17_458c4a8e
2026-02-18T17:00,0.774,0.4243,1.0,0.7058,0.7582,2026-02-17,2026-02-17_458c4a8e
2026-02-18T18:00,0.7545,0.2875,1.0,0.8106,0.677,2026-02-17,2026-02-17_458c4a8e
2026-02-18T19:00,0.8101,0.2642,1.0,0.85,0.7369,2026-02-17,2026-02-17_458c4a8e
2026-02-18T20:00,0.7944,0.2839,1.0,0.8004,0.6826,2026-02-17,2026-02-17_458c4a8e
2026-02-18T21:00,0.7248,0.2541,1.0,0.7452,0.637,2026-02-17,2026-02-17_458c4a8e
2026-02-18T22:00,0.6272,0.1991,0.9701,0.6851,0.5747,2026-02-17,2026-02-17_458c4a8e
2026-02-18T23:00,0.5579,0.1738,0.9722,0.5901,0.4999,2026-02-17,2026-02-17_458c4a8e
2026-02-19T00:00,0.5881,0.2382,0.9908,0.665,0.547,2026-02-18,2026-02-18_936fcd32
2026-02-19T01:00,0.5864,0.1808,0.9643,0.6644,0.5326,2026-02-18,2026-02-18_936fcd32
2026-02-19T02:00,0.6329,0.2078,0.9765,0.6768,0.6292,2026-02-18,2026-02-18_936fcd32
2026-02-19T03:00,0.6008,0.1734,0.9687,0.6727,0.5541,2026-02-18,2026-02-18_936fcd32
2026-02-19T04:00,0.5159,0.1515,0.9486,0.6048,0.4472,2026-02-18,2026-02-18_936fcd32
2026-02-19T05:00,0.5378,0.0772,0.8686,0.6485,0.4464,2026-02-18,2026-02-18_936fcd32
2026-02-19T06:00,0.3403,0.0512,0.7905,0.3911,0.2745,2026-02-18,2026-02-18_936fcd32
2026-02-19T07:00,0.2748,0.0528,0.8054,0.3695,0.2741,2026-02-18,2026-02-18_936fcd32
2026-02-19T08:00,0.2373,0.0143,0.713,0.2687,0.2165,2026-02-18,2026-02-18_936fcd32
2026-02-19T09:00,0.1737,0.0,0.759,0.214,0.1677,2026-02-18,2026-02-18_936fcd32
2026-02-19T10:00,0.2065,0.0058,0.7511,0.2697,0.1884,2026-02-18,2026-02-18_936fcd32
2026-02-19T11:00,0.1888,0.0252,0.7289,0.2502,0.2085,2026-02-18,2026-02-18_936fcd32
2026-02-19T12:00,0.2591,0.0459,0.7457,0.2362,0.2506,2026-02-18,2026-02-18_936fcd32
2026-02-19T13:00,0.3024,0.0329,0.7258,0.2429,0.2797,2026-02-18,2026-02-18_936fcd32
2026-02-19T14:00,0.2542,0.0186,0.6517,0.2039,0.2442,2026-02-18,2026-02-18_936fcd32
2026-02-19T15:00,0.2878,0.0205,0.5536,0.2385,0.2599,2026-02-18,2026-02-18_936fcd32
2026-02-19T16:00,0.2578,0.0169,0.5635,0.2625,0.2506,2026-02-18,2026-02-18_936fcd32
2026-02-19T17:00,0.2173,0.0243,0.5414,0.2019,0.2094,2026-02-18,2026-02-18_936fcd32
2026-02-19T18:00,0.1715,0.0027,0.5614,0.1826,0.1578,2026-02-18,2026-02-18_936fcd32
2026-02-19T19:00,0.1273,0.0001,0.577,0.1166,0.1013,2026-02-18,2026-02-18_936fcd32
2026-02-19T20:00,0.1086,0.0,0.5234,0.1034,0.0769,2026-02-18,2026-02-18_936fcd32
2026-02-19T21:00,0.0648,0.0087,0.494,0.0695,0.0552,2026-02-18,2026-02-18_936fcd32
2026-02-19T22:00,0.1265,0.0,0.6028,0.1416,0.1086,2026-02-18,2026-02-18_936fcd32
2026-02-19T23:00,0.2177,0.0026,0.7535,0.2159,0.2238,2026-02-18,2026-02-18_936fcd32
2026-02-20T00:00,0.3814,0.0131,0.9095,0.3052,0.3076,2026-02-19,2026-02-19_d8a56442
2026-02-20T01:00,0.3127,0.0044,0.8886,0.2502,0.2584,2026-02-19,2026-02-19_d8a56442
2026-02-20T02:00,0.2625,0.0,0.9775,0.2521,0.2485,2026-02-19,2026-02-19_d8a56442
2026-02-20T03:00,0.2708,0.0015,0.9596,0.2457,0.2552,2026-02-19,2026-02-19_d8a56442
2026-02-20T04:00,0.2823,0.0041,0.8582,0.2681,0.2396,2026-02-19,2026-02-19_d8a56442
2026-02-20T05:00,0.3669,0.037,0.9258,0.3582,0.3503,2026-02-19,2026-02-19_d8a56442
2026-02-20T06:00,0.4152,0.0158,1.0,0.4409,0.4588,2026-02-19,2026-02-19_d8a56442
2026-02-20T07:00,0.4466,0.0369,0.9974,0.4604,0.4968,2026-02-19,2026-02-19_d8a56442
2026-02-20T08:00,0.437,0.024,0.9592,0.4457,0.4751,2026-02-19,2026-02-19_d8a56442
2026-02-20T09:00,0.3765,0.0381,0.8988,0.3477,0.3904,2026-02-19,2026-02-19_d8a56442
2026-02-20T10:00,0.274,0.0188,0.7326,0.2625,0.2485,2026-02-19,2026-02-19_d8a56442
2026-02-20T11:00,0.2462,0.0155,0.6774,0.2203,0.1931,2026-02-19,2026-02-19_d8a56442
2026-02-20T12:00,0.1946,0.0121,0.5754,0.1649,0.155,2026-02-19,2026-02-19_d8a56442
2026-02-20T13:00,0.179,0.0059,0.4548,0.1537,0.1472,2026-02-19,2026-02-19_d8a56442
2026-02-20T14:00,0.125,0.0079,0.3552,0.1049,0.1081,2026-02-19,2026-02-19_d8a56442
2026-02-20T15:00,0.1027,0.0014,0.2694,0.0909,0.1105,2026-02-19,2026-02-19_d8a56442
2026-02-20T16:00,0.065,0.0003,0.2398,0.0437,0.0432,2026-02-19,2026-02-19_d8a56442
2026-02-20T17:00,0.0233,0.0061,0.273,0.0268,0.0285,2026-02-19,2026-02-19_d8a56442
2026-02-20T18:00,0.1833,0.0,0.6876,0.1923,0.192,2026-02-19,2026-02-19_d8a56442
2026-02-20T19:00,0.3891,0.0243,1.0,0.4717,0.4421,2026-02-19,2026-02-19_d8a56442
2026-02-20T20:00,0.7044,0.1905,1.0,0.7093,0.7939,2026-02-19,2026-02-19_d8a56442
2026-02-20T21:00,0.8347,0.3655,1.0,0.8511,0.7939,2026-02-19,2026-02-19_d8a56442
2026-02-20T22:00,0.7363,0.3326,1.0,0.8165,0.7708,2026-02-19,2026-02-19_d8a56442
2026-02-20T23:00,0.6955,0.3101,0.9927,0.7435,0.5941,2026-02-19,2026-02-19_d8a56442
2026-02-21T00:00,0.5455,0.243,0.9482,0.5683,0.5589,2026-02-20,2026-02-20_7aea9a81
2026-02-21T01:00,0.6319,0.2452,0.9508,0.7176,0.5563,2026-02-20,2026-02-20_7aea9a81
2026-02-21T02:00,0.6099,0.1892,0.9474,0.6444,0.4813,2026-02-20,2026-02-20_7aea9a81
2026-02-21T03:00,0.5193,0.145,0.9303,0.5624,0.4698,2026-02-20,2026-02-20_7aea9a81
2026-02-21T04:00,0.4489,0.1507,0.9315,0.5086,0.3681,2026-02-20,2026-02-20_7aea9a81
2026-02-21T05:00,0.4513,0.1226,0.9373,0.4915,0.3522,2026-02-20,2026-02-20_7aea9a81
2026-02-21T06:00,0.4291,0.0796,0.905,0.4568,0.3013,2026-02-20,2026-02-20_7aea9a81
2026-02-21T07:00,0.6147,0.1061,0.9244,0.6599,0.4686,2026-02-20,2026-02-20_7aea9a81
2026-02-21T08:00,0.2286,0.0155,0.7945,0.2743,0.2258,2026-02-20,2026-02-20_7aea9a81
2026-02-21T09:00,0.1167,0.0,0.5185,0.1517,0.1165,2026-02-20,2026-02-20_7aea9a81
2026-02-21T10:00,0.061,0.0008,0.3614,0.0535,0.0588,2026-02-20,2026-02-20_7aea9a81
2026-02-21T11:00,0.4015,0.0542,1.0,0.3336,0.4086,2026-02-20,2026-02-20_7aea9a81
2026-02-21T12:00,0.7841,0.4455,0.9777,0.7862,0.7923,2026-02-20,2026-02-20_7aea9a81
2026-02-21T13:00,0.9624,0.8382,0.9868,0.9863,0.9711,2026-02-20,2026-02-20_7aea9a81
2026-02-21T14:00,0.9497,0.682,0.9881,0.9799,0.9553,2026-02-20,2026-02-20_7aea9a81
2026-02-21T15:00,0.8967,0.6184,0.9869,0.9189,0.941,2026-02-20,2026-02-20_7aea9a81
2026-02-21T16:00,0.7589,0.326,0.9857,0.8475,0.8119,2026-02-20,2026-02-20_7aea9a81
2026-02-21T17:00,0.3964,0.0508,0.8107,0.4038,0.4164,2026-02-20,2026-02-20_7aea9a81
2026-02-21T18:00,0.2429,0.0039,0.6949,0.2735,0.2501,2026-02-20,2026-02-20_7aea9a81
2026-02-21T19:00,0.3211,0.0346,0.8321,0.335,0.3186,2026-02-20,2026-02-20_7aea9a81
2026-02-21T20:00,0.5053,0.0771,0.9143,0.4863,0.441,2026-02-20,2026-02-20_7aea9a81
2026-02-21T21:00,0.7759,0.2395,1.0,0.8519,0.7694,2026-02-20,2026-02-20_7aea9a81
2026-02-21T22:00,0.7536,0.276,0.9974,0.7145,0.7472,2026-02-20,2026-02-20_7aea9a81
2026-02-21T23:00,0.7636,0.3013,1.0,0.755,0.7752,2026-02-20,2026-02-20_7aea9a81
2026-02-22T00:00,0.0896,0.0008,0.403,0.1047,0.1221,2026-02-21,2026-02-21_1e014524
2026-02-22T01:00,0.0664,0.0082,0.2558,0.082,0.0707,2026-02-21,2026-02-21_1e014524
2026-02-22T02:00,0.0309,0.0074,0.2056,0.0388,0.0385,2026-02-21,2026-02-21_1e014524
2026-02-22T03:00,0.001,0.0002,0.1406,0.009,0.0116,2026-02-21,2026-02-21_1e014524
2026-02-22T04:00,0.0016,0.0008,0.0735,0.0097,0.0158,2026-02-21,2026-02-21_1e014524
2026-02-22T05:00,0.0062,0.0054,0.0883,0.0122,0.0103,2026-02-21,2026-02-21_1e014524
2026-02-22T06:00,0.0089,0.0078,0.0612,0.0129,0.0105,2026-02-21,2026-02-21_1e014524
2026-02-22T07:00,0.071,0.0,0.3387,0.0822,0.0915,2026-02-21,2026-02-21_1e014524
2026-02-22T08:00,0.1309,0.0,0.6446,0.174,0.1256,2026-02-21,2026-02-21_1e014524
2026-02-22T09:00,0.1926,0.0,0.8948,0.2537,0.2309,2026-02-21,2026-02-21_1e014524
2026-02-22T10:00,0.5868,0.1086,1.0,0.5848,0.6102,2026-02-21,2026-02-21_1e014524
2026-02-22T11:00,0.8576,0.3859,1.0,0.8413,0.8189,2026-02-21,2026-02-21_1e014524
2026-02-22T12:00,0.9585,0.6384,1.0,0.9364,0.9515,2026-02-21,2026-02-21_1e014524
2026-02-22T13:00,0.9928,0.6628,1.0,0.9569,0.9521,2026-02-21,2026-02-21_1e014524
2026-02-22T14:00,0.9046,0.528,1.0,0.9272,0.8653,2026-02-21,2026-02-21_1e014524
2026-02-22T15:00,0.7932,0.4713,1.0,0.8756,0.8728,2026-02-21,2026-02-21_1e014524
2026-02-22T16:00,0.7269,0.4207,1.0,0.6938,0.6992,2026-02-21,2026-02-21_1e014524
2026-02-22T17:00,0.7467,0.2816,1.0,0.7577,0.7446,2026-02-21,2026-02-21_1e014524
2026-02-22T18:00,0.6573,0.1468,1.0,0.7342,0.6842,2026-02-21,2026-02-21_1e014524
2026-02-22T19:00,0.565,0.1054,0.9461,0.6804,0.5404,2026-02-21,2026-02-21_1e014524
2026-02-22T20:00,0.4545,0.0475,0.8248,0.5079,0.4773,2026-02-21,2026-02-21_1e014524
2026-02-22T21:00,0.3182,0.0268,0.7049,0.3896,0.2759,2026-02-21,2026-02-21_1e014524
2026-02-22T22:00,0.224,0.0085,0.6154,0.2384,0.1979,2026-02-21,2026-02-21_1e014524
2026-02-22T23:00,0.4361,0.0239,0.8318,0.4605,0.3783,2026-02-21,2026-02-21_1e014524
2026-02-23T00:00,0.0358,0.0004,0.2489,0.0287,0.0567,2026-02-22,2026-02-22_ba36205c
2026-02-23T01:00,0.0279,0.0002,0.253,0.026,0.0455,2026-02-22,2026-02-22_ba36205c
2026-02-23T02:00,0.0325,0.0068,0.2123,0.0311,0.0532,2026-02-22,2026-02-22_ba36205c
2026-02-23T03:00,0.0284,0.0069,0.2127,0.0268,0.0363,2026-02-22,2026-02-22_ba36205c
2026-02-23T04:00,0.0218,0.0087,0.2313,0.031,0.0287,2026-02-22,2026-02-22_ba36205c
2026-02-23T05:00,0.0089,0.0081,0.2237,0.0143,0.0192,2026-02-22,2026-02-22_ba36205c
2026-02-23T06:00,0.008,0.0072,0.1638,0.0114,0.0138,2026-02-22,2026-02-22_ba36205c
2026-02-23T07:00,0.0116,0.0083,0.1579,0.0132,0.0143,2026-02-22,2026-02-22_ba36205c
2026-02-23T08:00,0.0104,0.0082,0.1054,0.013,0.0144,2026-02-22,2026-02-22_ba36205c
2026-02-23T09:00,0.0146,0.0079,0.2087,0.0221,0.0154,2026-02-22,2026-02-22_ba36205c
2026-02-23T10:00,0.0582,0.0096,0.276,0.0505,0.077,2026-02-22,2026-02-22_ba36205c
2026-02-23T11:00,0.0792,0.0108,0.2572,0.0682,0.1079,2026-02-22,2026-02-22_ba36205c
2026-02-23T12:00,0.1315,0.0067,0.3938,0.1409,0.1633,2026-02-22,2026-02-22_ba36205c
2026-02-23T13:00,0.2389,0.0243,0.6597,0.2825,0.2784,2026-02-22,2026-02-22_ba36205c
2026-02-23T14:00,0.3581,0.0311,0.8651,0.3285,0.3141,2026-02-22,2026-02-22_ba36205c
2026-02-23T15:00,0.3986,0.053,0.8788,0.3998,0.3711,2026-02-22,2026-02-22_ba36205c
2026-02-23T16:00,0.4901,0.0958,0.935,0.4647,0.477,2026-02-22,2026-02-22_ba36205c
2026-02-23T17:00,0.7827,0.3106,1.0,0.7609,0.7353,2026-02-22,2026-02-22_ba36205c
2026-02-23T18:00,0.8125,0.3976,1.0,0.7759,0.7887,2026-02-22,2026-02-22_ba36205c
2026-02-23T19:00,0.8382,0.4848,1.0,0.7815,0.8415,2026-02-22,2026-02-22_ba36205c
2026-02-23T20:00,0.9103,0.6793,1.0,0.896,0.9064,2026-02-22,2026-02-22_ba36205c
2026-02-23T21:00,0.9321,0.6658,1.0,0.905,0.9261,2026-02-22,2026-02-22_ba36205c
2026-02-23T22:00,0.9467,0.7628,0.9903,0.9547,0.9305,2026-02-22,2026-02-22_ba36205c
2026-02-23T23:00,0.9493,0.6947,0.9893,0.9768,0.9674,2026-02-22,2026-02-22_ba36205c
2026-02-24T00:00,0.9748,0.792,1.0,0.9646,0.9351,2026-02-23,2026-02-23_c8b7135d
2026-02-24T01:00,0.9496,0.647,1.0,0.9603,0.9707,2026-02-23,2026-02-23_c8b7135d
2026-02-24T02:00,0.9283,0.4894,1.0,0.9017,0.8959,2026-02-23,2026-02-23_c8b7135d
2026-02-24T03:00,0.8342,0.3732,1.0,0.8494,0.8482,2026-02-23,2026-02-23_c8b7135d
2026-02-24T04:00,0.806,0.3628,0.9936,0.8183,0.8262,2026-02-23,2026-02-23_c8b7135d
2026-02-24T05:00,0.6988,0.2409,0.9878,0.7206,0.6744,2026-02-23,2026-02-23_c8b7135d
2026-02-24T06:00,0.6672,0.2442,0.9893,0.6678,0.6577,2026-02-23,2026-02-23_c8b7135d
2026-02-24T07:00,0.6052,0.1986,0.9596,0.5954,0.6182,2026-02-23,2026-02-23_c8b7135d
2026-02-24T08:00,0.5168,0.1555,0.9429,0.4876,0.5008,2026-02-23,2026-02-23_c8b7135d
2026-02-24T09:00,0.4486,0.11,0.9274,0.4782,0.4289,2026-02-23,2026-02-23_c8b7135d
2026-02-24T10:00,0.4392,0.1324,0.9062,0.4693,0.4447,2026-02-23,2026-02-23_c8b7135d
2026-02-24T11:00,0.3915,0.1057,0.8745,0.4049,0.3891,2026-02-23,2026-02-23_c8b7135d
2026-02-24T12:00,0.3936,0.1472,0.8842,0.4161,0.4317,2026-02-23,2026-02-23_c8b7135d
2026-02-24T13:00,0.4258,0.134,0.8918,0.4214,0.4129,2026-02-23,2026-02-23_c8b7135d
2026-02-24T14:00,0.4493,0.1144,0.8992,0.4224,0.4219,2026-02-23,2026-02-23_c8b7135d
2026-02-24T15:00,0.4625,0.0987,0.9192,0.4049,0.4096,2026-02-23,2026-02-23_c8b7135d
2026-02-24T16:00,0.3485,0.0351,0.8788,0.38,0.3352,2026-02-23,2026-02-23_c8b7135d
2026-02-24T17:00,0.3745,0.0327,0.9032,0.3957,0.378,2026-02-23,2026-02-23_c8b7135d
2026-02-24T18:00,0.2576,0.0417,0.78,0.2722,0.2404,2026-02-23,2026-02-23_c8b7135d
2026-02-24T19:00,0.1131,0.0242,0.6969,0.1559,0.1286,2026-02-23,2026-02-23_c8b7135d
2026-02-24T20:00,0.097,0.0074,0.4193,0.1034,0.1055,2026-02-23,2026-02-23_c8b7135d
2026-02-24T21:00,0.0953,0.0068,0.3304,0.09,0.0749,2026-02-23,2026-02-23_c8b7135d
2026-02-24T22:00,0.0373,0.0,0.2688,0.0512,0.0353,2026-02-23,2026-02-23_c8b7135d
2026-02-24T23:00,0.0175,0.0088,0.1251,0.0186,0.014,2026-02-23,2026-02-23_c8b7135d
2026-02-25T00:00,0.0162,0.0087,0.1001,0.0109,0.0095,2026-02-24,2026-02-24_1245e924
2026-02-25T01:00,0.008,0.0072,0.0457,0.0085,0.0079,2026-02-24,2026-02-24_1245e924
2026-02-25T02:00,0.0104,0.0087,0.0599,0.0092,0.0102,2026-02-24,2026-02-24_1245e924
2026-02-25T03:00,0.0082,0.0074,0.1141,0.0094,0.0083,2026-02-24,2026-02-24_1245e924
2026-02-25T04:00,0.0218,0.0101,0.094,0.0239,0.0214,2026-02-24,2026-02-24_1245e924
2026-02-25T05:00,0.0283,0.0101,0.1278,0.045,0.0386,2026-02-24,2026-02-24_1245e924
2026-02-25T06:00,0.0619,0.0,0.1954,0.0698,0.064,2026-02-24,2026-02-24_1245e924
2026-02-25T07:00,0.0725,0.0,0.3348,0.0826,0.0984,2026-02-24,2026-02-24_1245e924
2026-02-25T08:00,0.0983,0.0,0.4444,0.129,0.1188,2026-02-24,2026-02-24_1245e924
2026-02-25T09:00,0.069,0.0029,0.3231,0.0846,0.1049,2026-02-24,2026-02-24_1245e924
2026-02-25T10:00,0.0739,0.0008,0.3188,0.0962,0.086,2026-02-24,2026-02-24_1245e924
2026-02-25T11:00,0.0266,0.0085,0.2357,0.0348,0.0363,2026-02-24,2026-02-24_1245e924
2026-02-25T12:00,0.0535,0.0081,0.2302,0.0428,0.0506,2026-02-24,2026-02-24_1245e924
2026-02-25T13:00,0.0423,0.0089,0.2234,0.0351,0.0468,2026-02-24,2026-02-24_1245e924
2026-02-25T14:00,0.0225,0.0086,0.1758,0.0235,0.0169,2026-02-24,2026-02-24_1245e924
2026-02-25T15:00,0.0382,0.0085,0.1228,0.0261,0.0186,2026-02-24,2026-02-24_1245e924
2026-02-25T16:00,0.0592,0.0089,0.2304,0.0433,0.0281,2026-02-24,2026-02-24_1245e924
2026-02-25T17:00,0.1938,0.0022,0.5902,0.1528,0.1591,2026-02-24,2026-02-24_1245e924
2026-02-25T18:00,0.2328,0.0104,0.6513,0.221,0.2269,2026-02-24,2026-02-24_1245e924
2026-02-25T19:00,0.2224,0.0038,0.5658,0.2214,0.2109,2026-02-24,2026-02-24_1245e924
2026-02-25T20:00,0.2986,0.0168,0.705,0.3018,0.2888,2026-02-24,2026-02-24_1245e924
2026-02-25T21:00,0.5393,0.0676,1.0,0.5857,0.4972,2026-02-24,2026-02-24_1245e924
2026-02-25T22:00,0.529,0.1649,1.0,0.6005,0.5943,2026-02-24,2026-02-24_1245e924
2026-02-25T23:00,0.6122,0.2973,1.0,0.6393,0.5298,2026-02-24,2026-02-24_1245e924
2026-02-26T00:00,0.7251,0.3235,1.0,0.7471,0.6522,2026-02-25,2026-02-25_2d4fc5c5
2026-02-26T01:00,0.7498,0.3518,1.0,0.8383,0.7646,2026-02-25,2026-02-25_2d4fc5c5
2026-02-26T02:00,0.6948,0.3587,1.0,0.7919,0.7031,2026-02-25,2026-02-25_2d4fc5c5
2026-02-26T03:00,0.7858,0.4148,1.0,0.8325,0.7509,2026-02-25,2026-02-25_2d4fc5c5
2026-02-26T04:00,0.6642,0.3346,0.9882,0.731,0.7361,2026-02-25,2026-02-25_2d4fc5c5
2026-02-26T05:00,0.6724,0.2504,1.0,0.6685,0.6694,2026-02-25,2026-02-25_2d4fc5c5
2026-02-26T06:00,0.4733,0.2115,0.988,0.4918,0.5642,2026-02-25,2026-02-25_2d4fc5c5
2026-02-26T07:00,0.4702,0.1798,0.975,0.4685,0.493,2026-02-25,2026-02-25_2d4fc5c5
2026-02-26T08:00,0.2829,0.0182,0.768,0.3169,0.3402,2026-02-25,2026-02-25_2d4fc5c5
2026-02-26T09:00,0.0448,0.0,0.2916,0.0424,0.0603,2026-02-25,2026-02-25_2d4fc5c5
2026-02-26T10:00,0.1834,0.004,0.7947,0.2396,0.2126,2026-02-25,2026-02-25_2d4fc5c5
2026-02-26T11:00,0.4184,0.0729,0.8493,0.439,0.4395,2026-02-25,2026-02-25_2d4fc5c5
2026-02-26T12:00,0.4515,0.1368,0.901,0.5007,0.4953,2026-02-25,2026-02-25_2d4fc5c5
2026-02-26T13:00,0.3412,0.0466,0.7215,0.3489,0.3367,2026-02-25,2026-02-25_2d4fc5c5
2026-02-26T14:00,0.2454,0.0378,0.6592,0.2735,0.2206,2026-02-25,2026-02-25_2d4fc5c5
2026-02-26T15:00,0.3741,0.0339,0.7599,0.4218,0.4198,2026-02-25,2026-02-25_2d4fc5c5
2026-02-26T16:00,0.6135,0.2176,0.9599,0.56,0.5545,2026-02-25,2026-02-25_2d4fc5c5
2026-02-26T17:00,0.5483,0.1726,0.9488,0.5516,0.5748,2026-02-25,2026-02-25_2d4fc5c5
2026-02-26T18:00,0.6091,0.2416,0.9619,0.5243,0.6098,2026-02-25,2026-02-25_2d4fc5c5
2026-02-26T19:00,0.7491,0.254,0.9902,0.6612,0.6804,2026-02-25,2026-02-25_2d4fc5c5
2026-02-26T20:00,0.9378,0.492,1.0,0.9176,0.8862,2026-02-25,2026-02-25_2d4fc5c5
2026-02-26T21:00,0.8873,0.4611,1.0,0.8445,0.8625,2026-02-25,2026-02-25_2d4fc5c5
2026-02-26T22:00,0.9207,0.4071,1.0,0.9049,0.8776,2026-02-25,2026-02-25_2d4fc5c5
2026-02-26T23:00,0.8296,0.4094,1.0,0.8375,0.7868,2026-02-25,2026-02-25_2d4fc5c5
2026-02-27T00:00,0.8601,0.4356,1.0,0.8777,0.8348,2026-02-26,2026-02-26_f5bb1220
2026-02-27T01:00,0.8058,0.3293,0.9876,0.798,0.8253,2026-02-26,2026-02-26_f5bb1220
2026-02-27T02:00,0.7406,0.2419,0.9845,0.7283,0.7626,2026-02-26,2026-02-26_f5bb1220
2026-02-27T03:00,0.6854,0.2031,0.9908,0.6545,0.7244,2026-02-26,2026-02-26_f5bb1220
2026-02-27T04:00,0.6169,0.1731,0.9555,0.6534,0.6861,2026-02-26,2026-02-26_f5bb1220
2026-02-27T05:00,0.391,0.0713,0.8557,0.4356,0.384,2026-02-26,2026-02-26_f5bb1220
2026-02-27T06:00,0.36,0.0694,0.7793,0.3673,0.3683,2026-02-26,2026-02-26_f5bb1220
2026-02-27T07:00,0.3189,0.0357,0.7163,0.3133,0.3222,2026-02-26,2026-02-26_f5bb1220
2026-02-27T08:00,0.2933,0.032,0.7051,0.3494,0.3383,2026-02-26,2026-02-26_f5bb1220
2026-02-27T09:00,0.2802,0.0292,0.7435,0.3595,0.3487,2026-02-26,2026-02-26_f5bb1220
2026-02-27T10:00,0.2735,0.0185,0.6478,0.2806,0.2954,2026-02-26,2026-02-26_f5bb1220
2026-02-27T11:00,0.2282,0.0114,0.5893,0.2217,0.2254,2026-02-26,2026-02-26_f5bb1220
2026-02-27T12:00,0.2439,0.0371,0.6326,0.299,0.3103,2026-02-26,2026-02-26_f5bb1220
2026-02-27T13:00,0.3432,0.0741,0.7351,0.2948,0.3021,2026-02-26,2026-02-26_f5bb1220
2026-02-27T14:00,0.4498,0.0772,0.8764,0.4129,0.392,2026-02-26,2026-02-26_f5bb1220
2026-02-27T15:00,0.5982,0.2326,0.9679,0.5672,0.5802,2026-02-26,2026-02-26_f5bb1220
2026-02-27T16:00,0.735,0.359,0.9894,0.7351,0.7284,2026-02-26,2026-02-26_f5bb1220
2026-02-27T17:00,0.909,0.4358,1.0,0.8968,0.9066,2026-02-26,2026-02-26_f5bb1220
2026-02-27T18:00,0.9284,0.4991,1.0,0.9041,0.93,2026-02-26,2026-02-26_f5bb1220
2026-02-27T19:00,0.871,0.3741,1.0,0.8651,0.8541,2026-02-26,2026-02-26_f5bb1220
2026-02-27T20:00,0.789,0.3247,1.0,0.7911,0.7561,2026-02-26,2026-02-26_f5bb1220
2026-02-27T21:00,0.7905,0.305,1.0,0.7326,0.7816,2026-02-26,2026-02-26_f5bb1220
2026-02-27T22:00,0.7014,0.1749,0.9986,0.6774,0.6342,2026-02-26,2026-02-26_f5bb1220
2026-02-27T23:00,0.5905,0.1544,0.9773,0.5723,0.5298,2026-02-26,2026-02-26_f5bb1220
2026-02-28T00:00,0.6196,0.2387,0.9514,0.5668,0.5429,2026-02-27,2026-02-27_cc552042
2026-02-28T01:00,0.7662,0.254,0.9952,0.7018,0.7125,2026-02-27,2026-02-27_cc552042
2026-02-28T02:00,0.7146,0.3053,0.9659,0.7174,0.7085,2026-02-27,2026-02-27_cc552042
2026-02-28T03:00,0.7846,0.3339,0.9792,0.773,0.7771,2026-02-27,2026-02-27_cc552042
2026-02-28T04:00,0.816,0.3506,0.9803,0.8712,0.8075,2026-02-27,2026-02-27_cc552042
2026-02-28T05:00,0.8208,0.3736,1.0,0.8547,0.7802,2026-02-27,2026-02-27_cc552042
2026-02-28T06:00,0.841,0.3392,1.0,0.8902,0.7979,2026-02-27,2026-02-27_cc552042
2026-02-28T07:00,0.8549,0.3466,1.0,0.8491,0.7644,2026-02-27,2026-02-27_cc552042
2026-02-28T08:00,0.8096,0.473,0.9851,0.8345,0.7702,2026-02-27,2026-02-27_cc552042
2026-02-28T09:00,0.8104,0.4814,0.9885,0.8131,0.7949,2026-02-27,2026-02-27_cc552042
2026-02-28T10:00,0.8146,0.5513,0.987,0.8376,0.7842,2026-02-27,2026-02-27_cc552042
2026-02-28T11:00,0.8083,0.5167,0.986,0.8523,0.7559,2026-02-27,2026-02-27_cc552042
2026-02-28T12:00,0.798,0.5542,0.9881,0.8397,0.8044,2026-02-27,2026-02-27_cc552042
2026-02-28T13:00,0.8059,0.5018,0.9858,0.8235,0.8055,2026-02-27,2026-02-27_cc552042
2026-02-28T14:00,0.8077,0.4129,1.0,0.8172,0.8146,2026-02-27,2026-02-27_cc552042
2026-02-28T15:00,0.7731,0.3063,1.0,0.7778,0.7723,2026-02-27,2026-02-27_cc552042
2026-02-28T16:00,0.6823,0.3105,1.0,0.669,0.7232,2026-02-27,2026-02-27_cc552042
2026-02-28T17:00,0.5423,0.0873,0.9526,0.4829,0.4558,2026-02-27,2026-02-27_cc552042
2026-02-28T18:00,0.5059,0.0784,0.8707,0.4708,0.4245,2026-02-27,2026-02-27_cc552042
2026-02-28T19:00,0.4129,0.0487,0.8951,0.4368,0.4165,2026-02-27,2026-02-27_cc552042
2026-02-28T20:00,0.3732,0.0386,0.6403,0.3387,0.2837,2026-02-27,2026-02-27_cc552042
2026-02-28T21:00,0.295,0.0244,0.5273,0.2727,0.2465,2026-02-27,2026-02-27_cc552042
2026-02-28T22:00,0.203,0.0147,0.5395,0.1573,0.1918,2026-02-27,2026-02-27_cc552042
2026-02-28T23:00,0.1429,0.0122,0.4277,0.1487,0.151,2026-02-27,2026-02-27_cc552042
